sequence,affinity,label
AFGLFWLVW,0.084687,1
ASYRLCLYR,0.084687,1
ATAKAAAAY,0.749713,0
ATDALMTGY,1.0,0
AYLLQHLDL,0.084687,1
CTDDNALAY,0.860988,0
EFFDGGLTF,0.084687,1
ESDKGSSQS,0.084687,1
EVHIYYLEK,0.084687,1
FPPTSFGPL,0.084687,1
FSDARLAKL,0.177628,1
GLENGLNYI,0.084687,1
GLGGDASAY,0.084687,1
GMQIRGFVY,0.084687,1
GYSFSIPGY,0.061493,1
HSKKKCDEL,0.24513,1
IHDHGEQLF,0.084687,1
IIMEEGNSI,0.084687,1
IPRRIRQGL,0.084687,1
ISDYDYYRY,0.642868,0
IVDYVTAYG,0.276115,1
KRASGDPYF,0.084687,1
KSDLQPPNY,0.629713,0
LAEQFSGEY,0.490879,1
LQLTAVFAY,0.084687,1
LSDHQDLKW,0.38018,1
MCFHQHLMY,0.250504,1
NPNSPSITY,0.084687,1
QLFKPLTKK,0.084687,1
RERIRYFHY,0.084687,1
RFEAYGWQV,0.084687,1
RKAGVNQAK,0.084687,1
RLAELIGPA,0.084687,1
RPLLARMPE,0.084687,1
RRNDVARIF,0.084687,1
RYQRMTGGY,0.084687,1
SQEDNHFSL,0.084687,1
SSFSTTINY,0.411685,1
STTAGPNEY,0.383935,1
TPPVDRMAV,0.084687,1
TTIEDILPK,0.084687,1
VNGVKGIQF,0.084687,1
VSSIFISFY,0.540673,0
YHEDIHTYL,0.084687,1
YQHLHTAPK,0.084687,1
AGIDNYNKF,0.0,1
ALGIICSAL,0.084687,1
ALGYTTEEI,0.084687,1
ALMEITSRY,0.358376,1
AMHYIRHRA,0.084687,1
AVLLHEESM,0.084687,1
AVYSSSMVK,0.14875,1
CHKGWGVSV,0.084687,1
DYPDDFMDK,0.084687,1
EAFPYEITE,0.084687,1
EIPGSPGSY,0.084687,1
EVDEGSDMM,0.226698,1
FATCLGLSY,0.40026,1
FLLMDALKL,0.084687,1
FTDGVCLFW,0.084687,1
GLYEAIEEC,0.084687,1
GTEMFRHGY,0.493211,1
HHIPNGVVW,0.084687,1
HRIQEELFY,0.084687,1
IIEDQYNRY,0.520565,0
ISDESYRVY,0.518522,0
KLRQGNTLV,0.084687,1
KQFDTYNLW,0.084687,1
KRSQDSPLK,0.084687,1
KVIQPRVEK,0.084687,1
KVMALPIPH,0.084687,1
LFVAAAYIV,0.084687,1
MSDIFHALV,0.618378,0
PSSKPDWFY,0.724568,0
QAEPDRAHY,0.266633,1
QNDYDEDDY,0.117652,1
QTDDGVRFT,0.085569,1
RHYSASFKK,0.084687,1
RMLPKLAEF,0.084687,1
RSFAERLDR,0.084687,1
RTHTLRDAK,0.084687,1
SREVISHRL,0.084687,1
SSECQGEML,0.217346,1
SVPEPAAGI,0.084687,1
THADVPVVL,0.084687,1
TSNPKTPKY,0.222243,1
TTTLEETKF,0.084687,1
VAGGTSSVY,0.084687,1
VTPEQRPLY,0.269421,1
WLKGNISPV,0.084687,1
YHDPANWPL,0.084687,1
YIFFASFYY,0.084687,1
YMFESKSMK,0.084687,1
YVRTNGTSK,0.084687,1
AIQIQMFEA,0.084687,1
AMAETGCDA,0.084687,1
ASLPTTIAK,0.084687,1
ATTHSWIPK,0.084687,1
AYFATPASV,0.084687,1
CTELKLSDY,0.770337,0
DVSPLMHLF,0.084687,1
EKPPVRPIF,0.084687,1
ESSVKEKDM,0.084687,1
EVIPMFSAL,0.084687,1
FIFGKMGAG,0.084687,1
FPGTGSEFV,0.084687,1
GKFFAQAFL,0.084687,1
GPGHKARVL,0.084687,1
HFDDVANGF,0.084687,1
HSKRKCDEL,0.0,1
IADMGHLKY,0.724293,0
ITDVQDMDP,0.129467,1
IVDCLTEMY,0.528693,0
KLAEIFQPF,0.084687,1
KTNFQNHKG,0.084687,1
LNEQLIYTY,0.14875,1
LQKVPHTRY,0.084687,1
MKWGMEMRR,0.084687,1
NPKTPKYKF,0.084687,1
NSDYMMWVG,0.084687,1
PYPQPQPQY,0.0,1
QYPAFVLFI,0.084687,1
RIKQIINMW,0.203076,1
RPRGHREFC,0.084687,1
SEKTHIHIF,0.084687,1
SLLPAIVEL,0.212813,1
SYINRTGTF,0.084687,1
TCDGNTFTY,0.420123,1
TFDVAPSRL,0.084687,1
TPSGTWLTY,0.084687,1
TYIGSLPGK,0.084687,1
VQIPEKKCF,0.084687,1
VTTEVAFGL,0.084687,1
WLPWIPQLI,0.084687,1
YELLRYNEY,0.084687,1
YGDTEAICR,0.084687,1
YLLPAIVHI,0.212813,1
YTNPQFNVY,0.702501,0
ADLRFASEF,0.084687,1
AHSKAETEA,0.084687,1
ALEPGFKDY,0.297338,1
AQIDNYNKF,0.0,1
ATFSVPMEK,0.084687,1
AVAVHDFFK,0.084687,1
DPRDDLSGM,0.084687,1
DVIGNDRQE,0.084687,1
EEIDWIKTD,0.084687,1
EVIPYTPAM,0.084687,1
FHMDPSGTF,0.084687,1
FPEHIFPAL,0.084687,1
FVDGVPFVV,0.329803,1
GMRDVSFEL,0.084687,1
GSDKQVVGQ,0.084687,1
GTLSYDNLK,0.084687,1
ILGLPTQTV,0.084687,1
IPRQWHPFA,0.084687,1
ITAGYNRYY,0.419424,1
KLGDQFGRK,0.084687,1
KRFQPFQQF,0.084687,1
KTFPPTEPK,0.084687,1
LADTSLSGY,0.653458,0
LLGRNSFEV,0.212813,1
LLTQSNAGF,0.084687,1
LPYPDPSRI,0.084687,1
MEIYIWDHD,0.084687,1
MSDLTFSEE,0.0,1
NLKLYGAEF,0.084687,1
PEIRRWIIF,0.084687,1
QHTRRVSVL,0.084687,1
QTYDWTLNR,0.084687,1
REFYLRVGF,0.084687,1
RPQLGVGDV,0.084687,1
RRTPRVSWK,0.084687,1
RRYQKSTEL,0.212813,1
RYICPVQQI,0.084687,1
SPAIFQSSM,0.084687,1
SYLIRALTL,0.084687,1
VAPMVGGMM,0.084687,1
VQYRILPMI,0.0,1
WCRVGRGTI,0.084687,1
YLKEACNHA,0.084687,1
YQKVGMQKY,0.084687,1
YSDIPRLKK,0.315982,1
AAGLPAIFV,0.084687,1
AITTSNCAK,0.084687,1
APYFATVRL,0.084687,1
ASHFISNSW,0.084687,1
AYGSRFHEW,0.084687,1
DWSGYSGSF,0.084687,1
EEQTDPKTL,0.084687,1
EIIELTRTL,0.084687,1
ETIEEPAVE,0.084687,1
FAHELEMLC,0.084687,1
FRAPNTREL,0.084687,1
FVSVYFSDY,0.546638,0
GEHWLGRIW,0.084687,1
GLFVYLIRY,0.084687,1
GTSKIKMKW,0.084687,1
HRDGKPRYL,0.084687,1
IAIPAHVRL,0.084687,1
ILVRFNYLA,0.084687,1
IMDASSFTL,0.200632,1
IPYHIVNIV,0.084687,1
ISLEAGQRF,0.084687,1
ITIPIGLYL,0.084687,1
KFFPSSSYR,0.084687,1
KSDGTGTIY,0.674082,0
LGDGVKDHY,0.135351,1
LLQGVPFHV,0.084687,1
LPIDKCSRI,0.084687,1
LTCSPQPEY,0.462363,1
LYDYKENRF,0.084687,1
MLESVIKNY,0.285686,1
NLGDKQDTF,0.084687,1
NVDQQNDMY,0.644157,0
QSDTVFDYY,0.995079,0
RNEQGQTLW,0.084687,1
RPRHQGVMV,0.084687,1
RVRLSMLTV,0.084687,1
SPRYIFTML,0.084687,1
SRLKPSSFK,0.084687,1
SSNVANYQK,0.084687,1
TAVPWNASW,0.084687,1
TQDLVQEKY,0.747118,0
VFKVKLHEI,0.084687,1
VMCIQMKYV,0.084687,1
VQLQEYDTY,0.212813,1
VYIPPYCTI,0.0,1
WLWVSSSDM,0.084687,1
YFFVKWIGK,0.084687,1
YRYGFVANF,0.084687,1
